Bank,Year,Month,Media Category,Media Type,Distributor,Media Digital Consolidated,dollars
BANK OF AMERICA,2023,April 2023,Digital,Digital Social,FACEBOOK.COM,Social,40342
BANK OF AMERICA,2023,April 2023,Digital,Digital Social,INSTAGRAM.COM,Social,10629
BANK OF AMERICA,2023,April 2023,Digital,Digital Social,X.COM,Social,65199
BANK OF AMERICA,2023,August 2023,Digital,Digital Social,FACEBOOK.COM,Social,37
BANK OF AMERICA,2023,August 2023,Digital,Digital Social,X.COM,Social,39056
BANK OF AMERICA,2023,December 2023,Digital,Digital Social,FACEBOOK.COM,Social,61375
BANK OF AMERICA,2023,December 2023,Digital,Digital Social,INSTAGRAM.COM,Social,67652
BANK OF AMERICA,2023,December 2023,Digital,Digital Social,X.COM,Social,1335
BANK OF AMERICA,2023,February 2023,Digital,Digital Social,X.COM,Social,19910
BANK OF AMERICA,2023,January 2023,Digital,Digital Social,X.COM,Social,17644
BANK OF AMERICA,2023,July 2023,Digital,Digital Social,FACEBOOK.COM,Social,453
BANK OF AMERICA,2023,July 2023,Digital,Digital Social,X.COM,Social,71889
BANK OF AMERICA,2023,June 2023,Digital,Digital Social,X.COM,Social,69858
BANK OF AMERICA,2023,March 2023,Digital,Digital Social,FACEBOOK.COM,Social,34661
BANK OF AMERICA,2023,March 2023,Digital,Digital Social,INSTAGRAM.COM,Social,9541
BANK OF AMERICA,2023,March 2023,Digital,Digital Social,X.COM,Social,27402
BANK OF AMERICA,2023,May 2023,Digital,Digital Social,FACEBOOK.COM,Social,7352
BANK OF AMERICA,2023,May 2023,Digital,Digital Social,INSTAGRAM.COM,Social,1911
BANK OF AMERICA,2023,May 2023,Digital,Digital Social,X.COM,Social,81684
BANK OF AMERICA,2023,November 2023,Digital,Digital Social,FACEBOOK.COM,Social,50169
BANK OF AMERICA,2023,November 2023,Digital,Digital Social,INSTAGRAM.COM,Social,62923
BANK OF AMERICA,2023,November 2023,Digital,Digital Social,X.COM,Social,1348
BANK OF AMERICA,2023,October 2023,Digital,Digital Social,FACEBOOK.COM,Social,19957
BANK OF AMERICA,2023,October 2023,Digital,Digital Social,INSTAGRAM.COM,Social,39113
BANK OF AMERICA,2023,October 2023,Digital,Digital Social,X.COM,Social,14416
BANK OF AMERICA,2023,September 2023,Digital,Digital Social,FACEBOOK.COM,Social,1672
BANK OF AMERICA,2023,September 2023,Digital,Digital Social,X.COM,Social,134096
BANK OF AMERICA,2024,April 2024,Digital,Digital Social,FACEBOOK.COM,Social,103694
BANK OF AMERICA,2024,April 2024,Digital,Digital Social,INSTAGRAM.COM,Social,37575
BANK OF AMERICA,2024,April 2024,Digital,Digital Social,PINTEREST.COM,Social,5002
BANK OF AMERICA,2024,April 2024,Digital,Digital Social,REDDIT,Social,1956
BANK OF AMERICA,2024,August 2024,Digital,Digital Social,FACEBOOK.COM,Social,12893
BANK OF AMERICA,2024,August 2024,Digital,Digital Social,INSTAGRAM.COM,Social,88454
BANK OF AMERICA,2024,August 2024,Digital,Digital Social,PINTEREST.COM,Social,101940
BANK OF AMERICA,2024,August 2024,Digital,Digital Social,REDDIT,Social,1912
BANK OF AMERICA,2024,August 2024,Digital,Digital Social,TIKTOK,Social,21254
BANK OF AMERICA,2024,December 2024,Digital,Digital Social,PINTEREST.COM,Social,65350
BANK OF AMERICA,2024,December 2024,Digital,Digital Social,REDDIT,Social,38464
BANK OF AMERICA,2024,February 2024,Digital,Digital Social,FACEBOOK.COM,Social,38095
BANK OF AMERICA,2024,February 2024,Digital,Digital Social,INSTAGRAM.COM,Social,6270
BANK OF AMERICA,2024,January 2024,Digital,Digital Social,FACEBOOK.COM,Social,134752
BANK OF AMERICA,2024,January 2024,Digital,Digital Social,INSTAGRAM.COM,Social,39922
BANK OF AMERICA,2024,July 2024,Digital,Digital Social,FACEBOOK.COM,Social,10982
BANK OF AMERICA,2024,July 2024,Digital,Digital Social,INSTAGRAM.COM,Social,2704
BANK OF AMERICA,2024,July 2024,Digital,Digital Social,PINTEREST.COM,Social,3793
BANK OF AMERICA,2024,July 2024,Digital,Digital Social,REDDIT,Social,3053
BANK OF AMERICA,2024,June 2024,Digital,Digital Social,PINTEREST.COM,Social,144
BANK OF AMERICA,2024,June 2024,Digital,Digital Social,REDDIT,Social,4121
BANK OF AMERICA,2024,March 2024,Digital,Digital Social,FACEBOOK.COM,Social,32225
BANK OF AMERICA,2024,March 2024,Digital,Digital Social,INSTAGRAM.COM,Social,6307
BANK OF AMERICA,2024,March 2024,Digital,Digital Social,PINTEREST.COM,Social,437101
BANK OF AMERICA,2024,March 2024,Digital,Digital Social,REDDIT,Social,396
BANK OF AMERICA,2024,May 2024,Digital,Digital Social,FACEBOOK.COM,Social,195559
BANK OF AMERICA,2024,May 2024,Digital,Digital Social,INSTAGRAM.COM,Social,72362
BANK OF AMERICA,2024,May 2024,Digital,Digital Social,PINTEREST.COM,Social,62944
BANK OF AMERICA,2024,May 2024,Digital,Digital Social,REDDIT,Social,4655
BANK OF AMERICA,2024,November 2024,Digital,Digital Social,PINTEREST.COM,Social,255408
BANK OF AMERICA,2024,November 2024,Digital,Digital Social,REDDIT,Social,88802
BANK OF AMERICA,2024,October 2024,Digital,Digital Social,FACEBOOK.COM,Social,1173
BANK OF AMERICA,2024,October 2024,Digital,Digital Social,INSTAGRAM.COM,Social,27903
BANK OF AMERICA,2024,October 2024,Digital,Digital Social,PINTEREST.COM,Social,321007
BANK OF AMERICA,2024,October 2024,Digital,Digital Social,REDDIT,Social,30885
BANK OF AMERICA,2024,September 2024,Digital,Digital Social,FACEBOOK.COM,Social,16863
BANK OF AMERICA,2024,September 2024,Digital,Digital Social,INSTAGRAM.COM,Social,98319
BANK OF AMERICA,2024,September 2024,Digital,Digital Social,PINTEREST.COM,Social,183253
BANK OF AMERICA,2024,September 2024,Digital,Digital Social,REDDIT,Social,6317
BANK OF AMERICA,2025,April 2025,Digital,Digital Social,FACEBOOK.COM,Social,394181
BANK OF AMERICA,2025,April 2025,Digital,Digital Social,INSTAGRAM.COM,Social,514073
BANK OF AMERICA,2025,April 2025,Digital,Digital Social,PINTEREST.COM,Social,1107051
BANK OF AMERICA,2025,April 2025,Digital,Digital Social,REDDIT,Social,29038
BANK OF AMERICA,2025,April 2025,Digital,Digital Social,X.COM,Social,2375
BANK OF AMERICA,2025,February 2025,Digital,Digital Social,FACEBOOK.COM,Social,1574
BANK OF AMERICA,2025,February 2025,Digital,Digital Social,PINTEREST.COM,Social,364
BANK OF AMERICA,2025,February 2025,Digital,Digital Social,REDDIT,Social,8396
BANK OF AMERICA,2025,January 2025,Digital,Digital Social,REDDIT,Social,2302
BANK OF AMERICA,2025,July 2025,Digital,Digital Social,FACEBOOK.COM,Social,80101
BANK OF AMERICA,2025,July 2025,Digital,Digital Social,INSTAGRAM.COM,Social,51622
BANK OF AMERICA,2025,July 2025,Digital,Digital Social,PINTEREST.COM,Social,26048
BANK OF AMERICA,2025,July 2025,Digital,Digital Social,REDDIT,Social,3082
BANK OF AMERICA,2025,July 2025,Digital,Digital Social,X.COM,Social,2233
BANK OF AMERICA,2025,June 2025,Digital,Digital Social,FACEBOOK.COM,Social,170319
BANK OF AMERICA,2025,June 2025,Digital,Digital Social,INSTAGRAM.COM,Social,136413
BANK OF AMERICA,2025,June 2025,Digital,Digital Social,PINTEREST.COM,Social,87270
BANK OF AMERICA,2025,June 2025,Digital,Digital Social,REDDIT,Social,13342
BANK OF AMERICA,2025,June 2025,Digital,Digital Social,X.COM,Social,3904
BANK OF AMERICA,2025,March 2025,Digital,Digital Social,FACEBOOK.COM,Social,125109
BANK OF AMERICA,2025,March 2025,Digital,Digital Social,INSTAGRAM.COM,Social,143646
BANK OF AMERICA,2025,March 2025,Digital,Digital Social,PINTEREST.COM,Social,422728
BANK OF AMERICA,2025,March 2025,Digital,Digital Social,REDDIT,Social,17272
BANK OF AMERICA,2025,May 2025,Digital,Digital Social,FACEBOOK.COM,Social,216108
BANK OF AMERICA,2025,May 2025,Digital,Digital Social,INSTAGRAM.COM,Social,226091
BANK OF AMERICA,2025,May 2025,Digital,Digital Social,PINTEREST.COM,Social,124078
BANK OF AMERICA,2025,May 2025,Digital,Digital Social,REDDIT,Social,24831
BANK OF AMERICA,2025,May 2025,Digital,Digital Social,X.COM,Social,5530
CAPITAL ONE,2023,April 2023,Digital,Digital Social,FACEBOOK.COM,Social,640725
CAPITAL ONE,2023,April 2023,Digital,Digital Social,INSTAGRAM.COM,Social,149957
CAPITAL ONE,2023,April 2023,Digital,Digital Social,REDDIT,Social,751
CAPITAL ONE,2023,April 2023,Digital,Digital Social,TIKTOK,Social,11742
CAPITAL ONE,2023,April 2023,Digital,Digital Social,X.COM,Social,54676
CAPITAL ONE,2023,August 2023,Digital,Digital Social,FACEBOOK.COM,Social,718992
CAPITAL ONE,2023,August 2023,Digital,Digital Social,INSTAGRAM.COM,Social,168062
CAPITAL ONE,2023,August 2023,Digital,Digital Social,REDDIT,Social,8714
CAPITAL ONE,2023,August 2023,Digital,Digital Social,TIKTOK,Social,27010
CAPITAL ONE,2023,December 2023,Digital,Digital Social,FACEBOOK.COM,Social,2219945
CAPITAL ONE,2023,December 2023,Digital,Digital Social,INSTAGRAM.COM,Social,725676
CAPITAL ONE,2023,December 2023,Digital,Digital Social,REDDIT,Social,4933
CAPITAL ONE,2023,December 2023,Digital,Digital Social,TIKTOK,Social,150363
CAPITAL ONE,2023,December 2023,Digital,Digital Social,X.COM,Social,105735
CAPITAL ONE,2023,February 2023,Digital,Digital Social,FACEBOOK.COM,Social,428137
CAPITAL ONE,2023,February 2023,Digital,Digital Social,INSTAGRAM.COM,Social,132586
CAPITAL ONE,2023,February 2023,Digital,Digital Social,REDDIT,Social,2304
CAPITAL ONE,2023,February 2023,Digital,Digital Social,TIKTOK,Social,12418
CAPITAL ONE,2023,January 2023,Digital,Digital Social,FACEBOOK.COM,Social,489935
CAPITAL ONE,2023,January 2023,Digital,Digital Social,INSTAGRAM.COM,Social,148548
CAPITAL ONE,2023,January 2023,Digital,Digital Social,REDDIT,Social,4688
CAPITAL ONE,2023,January 2023,Digital,Digital Social,TIKTOK,Social,13062
CAPITAL ONE,2023,July 2023,Digital,Digital Social,FACEBOOK.COM,Social,819938
CAPITAL ONE,2023,July 2023,Digital,Digital Social,INSTAGRAM.COM,Social,188432
CAPITAL ONE,2023,July 2023,Digital,Digital Social,REDDIT,Social,1165
CAPITAL ONE,2023,July 2023,Digital,Digital Social,TIKTOK,Social,20931
CAPITAL ONE,2023,July 2023,Digital,Digital Social,X.COM,Social,2272
CAPITAL ONE,2023,June 2023,Digital,Digital Social,FACEBOOK.COM,Social,762682
CAPITAL ONE,2023,June 2023,Digital,Digital Social,INSTAGRAM.COM,Social,152309
CAPITAL ONE,2023,June 2023,Digital,Digital Social,REDDIT,Social,323
CAPITAL ONE,2023,June 2023,Digital,Digital Social,TIKTOK,Social,12931
CAPITAL ONE,2023,June 2023,Digital,Digital Social,X.COM,Social,309
CAPITAL ONE,2023,March 2023,Digital,Digital Social,FACEBOOK.COM,Social,512067
CAPITAL ONE,2023,March 2023,Digital,Digital Social,INSTAGRAM.COM,Social,107650
CAPITAL ONE,2023,March 2023,Digital,Digital Social,REDDIT,Social,1217
CAPITAL ONE,2023,March 2023,Digital,Digital Social,TIKTOK,Social,12654
CAPITAL ONE,2023,March 2023,Digital,Digital Social,X.COM,Social,103453
CAPITAL ONE,2023,May 2023,Digital,Digital Social,FACEBOOK.COM,Social,699993
CAPITAL ONE,2023,May 2023,Digital,Digital Social,INSTAGRAM.COM,Social,157264
CAPITAL ONE,2023,May 2023,Digital,Digital Social,REDDIT,Social,891
CAPITAL ONE,2023,May 2023,Digital,Digital Social,TIKTOK,Social,12741
CAPITAL ONE,2023,May 2023,Digital,Digital Social,X.COM,Social,14203
CAPITAL ONE,2023,November 2023,Digital,Digital Social,FACEBOOK.COM,Social,1830134
CAPITAL ONE,2023,November 2023,Digital,Digital Social,INSTAGRAM.COM,Social,543081
CAPITAL ONE,2023,November 2023,Digital,Digital Social,REDDIT,Social,24798
CAPITAL ONE,2023,November 2023,Digital,Digital Social,TIKTOK,Social,102906
CAPITAL ONE,2023,November 2023,Digital,Digital Social,X.COM,Social,112311
CAPITAL ONE,2023,October 2023,Digital,Digital Social,FACEBOOK.COM,Social,936795
CAPITAL ONE,2023,October 2023,Digital,Digital Social,INSTAGRAM.COM,Social,346173
CAPITAL ONE,2023,October 2023,Digital,Digital Social,REDDIT,Social,14737
CAPITAL ONE,2023,October 2023,Digital,Digital Social,TIKTOK,Social,68861
CAPITAL ONE,2023,October 2023,Digital,Digital Social,X.COM,Social,23773
CAPITAL ONE,2023,September 2023,Digital,Digital Social,FACEBOOK.COM,Social,691495
CAPITAL ONE,2023,September 2023,Digital,Digital Social,INSTAGRAM.COM,Social,176829
CAPITAL ONE,2023,September 2023,Digital,Digital Social,REDDIT,Social,9131
CAPITAL ONE,2023,September 2023,Digital,Digital Social,TIKTOK,Social,41515
CAPITAL ONE,2023,September 2023,Digital,Digital Social,X.COM,Social,331
CAPITAL ONE,2024,April 2024,Digital,Digital Social,FACEBOOK.COM,Social,1289473
CAPITAL ONE,2024,April 2024,Digital,Digital Social,INSTAGRAM.COM,Social,848483
CAPITAL ONE,2024,April 2024,Digital,Digital Social,PINTEREST.COM,Social,236995
CAPITAL ONE,2024,April 2024,Digital,Digital Social,REDDIT,Social,654
CAPITAL ONE,2024,April 2024,Digital,Digital Social,TIKTOK,Social,158908
CAPITAL ONE,2024,April 2024,Digital,Digital Social,X.COM,Social,630
CAPITAL ONE,2024,August 2024,Digital,Digital Social,FACEBOOK.COM,Social,1192901
CAPITAL ONE,2024,August 2024,Digital,Digital Social,INSTAGRAM.COM,Social,798459
CAPITAL ONE,2024,August 2024,Digital,Digital Social,PINTEREST.COM,Social,1325079
CAPITAL ONE,2024,August 2024,Digital,Digital Social,REDDIT,Social,2895
CAPITAL ONE,2024,August 2024,Digital,Digital Social,TIKTOK,Social,225507
CAPITAL ONE,2024,December 2024,Digital,Digital Social,FACEBOOK.COM,Social,1420228
CAPITAL ONE,2024,December 2024,Digital,Digital Social,INSTAGRAM.COM,Social,1043219
CAPITAL ONE,2024,December 2024,Digital,Digital Social,PINTEREST.COM,Social,947814
CAPITAL ONE,2024,December 2024,Digital,Digital Social,REDDIT,Social,45445
CAPITAL ONE,2024,December 2024,Digital,Digital Social,TIKTOK,Social,739214
CAPITAL ONE,2024,February 2024,Digital,Digital Social,FACEBOOK.COM,Social,1553749
CAPITAL ONE,2024,February 2024,Digital,Digital Social,INSTAGRAM.COM,Social,763082
CAPITAL ONE,2024,February 2024,Digital,Digital Social,REDDIT,Social,26820
CAPITAL ONE,2024,February 2024,Digital,Digital Social,TIKTOK,Social,97903
CAPITAL ONE,2024,January 2024,Digital,Digital Social,FACEBOOK.COM,Social,1951294
CAPITAL ONE,2024,January 2024,Digital,Digital Social,INSTAGRAM.COM,Social,731738
CAPITAL ONE,2024,January 2024,Digital,Digital Social,REDDIT,Social,1754
CAPITAL ONE,2024,January 2024,Digital,Digital Social,TIKTOK,Social,109694
CAPITAL ONE,2024,January 2024,Digital,Digital Social,X.COM,Social,3113
CAPITAL ONE,2024,July 2024,Digital,Digital Social,FACEBOOK.COM,Social,1040173
CAPITAL ONE,2024,July 2024,Digital,Digital Social,INSTAGRAM.COM,Social,777936
CAPITAL ONE,2024,July 2024,Digital,Digital Social,PINTEREST.COM,Social,1056751
CAPITAL ONE,2024,July 2024,Digital,Digital Social,REDDIT,Social,2949
CAPITAL ONE,2024,July 2024,Digital,Digital Social,TIKTOK,Social,65941
CAPITAL ONE,2024,June 2024,Digital,Digital Social,FACEBOOK.COM,Social,713472
CAPITAL ONE,2024,June 2024,Digital,Digital Social,INSTAGRAM.COM,Social,728906
CAPITAL ONE,2024,June 2024,Digital,Digital Social,PINTEREST.COM,Social,237560
CAPITAL ONE,2024,June 2024,Digital,Digital Social,REDDIT,Social,271
CAPITAL ONE,2024,June 2024,Digital,Digital Social,TIKTOK,Social,38056
CAPITAL ONE,2024,June 2024,Digital,Digital Social,X.COM,Social,2052
CAPITAL ONE,2024,March 2024,Digital,Digital Social,FACEBOOK.COM,Social,1176042
CAPITAL ONE,2024,March 2024,Digital,Digital Social,INSTAGRAM.COM,Social,696006
CAPITAL ONE,2024,March 2024,Digital,Digital Social,PINTEREST.COM,Social,254329
CAPITAL ONE,2024,March 2024,Digital,Digital Social,REDDIT,Social,32453
CAPITAL ONE,2024,March 2024,Digital,Digital Social,TIKTOK,Social,126620
CAPITAL ONE,2024,March 2024,Digital,Digital Social,X.COM,Social,1145
CAPITAL ONE,2024,May 2024,Digital,Digital Social,FACEBOOK.COM,Social,1144290
CAPITAL ONE,2024,May 2024,Digital,Digital Social,INSTAGRAM.COM,Social,752923
CAPITAL ONE,2024,May 2024,Digital,Digital Social,PINTEREST.COM,Social,55901
CAPITAL ONE,2024,May 2024,Digital,Digital Social,REDDIT,Social,543
CAPITAL ONE,2024,May 2024,Digital,Digital Social,TIKTOK,Social,69421
CAPITAL ONE,2024,May 2024,Digital,Digital Social,X.COM,Social,3086
CAPITAL ONE,2024,November 2024,Digital,Digital Social,FACEBOOK.COM,Social,1081805
CAPITAL ONE,2024,November 2024,Digital,Digital Social,INSTAGRAM.COM,Social,465013
CAPITAL ONE,2024,November 2024,Digital,Digital Social,PINTEREST.COM,Social,883788
CAPITAL ONE,2024,November 2024,Digital,Digital Social,REDDIT,Social,30865
CAPITAL ONE,2024,November 2024,Digital,Digital Social,TIKTOK,Social,349992
CAPITAL ONE,2024,October 2024,Digital,Digital Social,FACEBOOK.COM,Social,1746705
CAPITAL ONE,2024,October 2024,Digital,Digital Social,INSTAGRAM.COM,Social,630775
CAPITAL ONE,2024,October 2024,Digital,Digital Social,PINTEREST.COM,Social,341410
CAPITAL ONE,2024,October 2024,Digital,Digital Social,REDDIT,Social,8113
CAPITAL ONE,2024,October 2024,Digital,Digital Social,TIKTOK,Social,69480
CAPITAL ONE,2024,September 2024,Digital,Digital Social,FACEBOOK.COM,Social,2054277
CAPITAL ONE,2024,September 2024,Digital,Digital Social,INSTAGRAM.COM,Social,600377
CAPITAL ONE,2024,September 2024,Digital,Digital Social,PINTEREST.COM,Social,1921687
CAPITAL ONE,2024,September 2024,Digital,Digital Social,REDDIT,Social,2959
CAPITAL ONE,2024,September 2024,Digital,Digital Social,TIKTOK,Social,219430
CAPITAL ONE,2025,April 2025,Digital,Digital Social,FACEBOOK.COM,Social,2157824
CAPITAL ONE,2025,April 2025,Digital,Digital Social,INSTAGRAM.COM,Social,401781
CAPITAL ONE,2025,April 2025,Digital,Digital Social,PINTEREST.COM,Social,341208
CAPITAL ONE,2025,April 2025,Digital,Digital Social,REDDIT,Social,68620
CAPITAL ONE,2025,February 2025,Digital,Digital Social,FACEBOOK.COM,Social,1338363
CAPITAL ONE,2025,February 2025,Digital,Digital Social,INSTAGRAM.COM,Social,914718
CAPITAL ONE,2025,February 2025,Digital,Digital Social,PINTEREST.COM,Social,158670
CAPITAL ONE,2025,February 2025,Digital,Digital Social,REDDIT,Social,119173
CAPITAL ONE,2025,January 2025,Digital,Digital Social,FACEBOOK.COM,Social,1590684
CAPITAL ONE,2025,January 2025,Digital,Digital Social,INSTAGRAM.COM,Social,1251843
CAPITAL ONE,2025,January 2025,Digital,Digital Social,PINTEREST.COM,Social,193891
CAPITAL ONE,2025,January 2025,Digital,Digital Social,REDDIT,Social,85222
CAPITAL ONE,2025,January 2025,Digital,Digital Social,TIKTOK,Social,546776
CAPITAL ONE,2025,July 2025,Digital,Digital Social,FACEBOOK.COM,Social,403964
CAPITAL ONE,2025,July 2025,Digital,Digital Social,INSTAGRAM.COM,Social,54470
CAPITAL ONE,2025,July 2025,Digital,Digital Social,PINTEREST.COM,Social,318082
CAPITAL ONE,2025,July 2025,Digital,Digital Social,REDDIT,Social,21681
CAPITAL ONE,2025,June 2025,Digital,Digital Social,FACEBOOK.COM,Social,1739048
CAPITAL ONE,2025,June 2025,Digital,Digital Social,INSTAGRAM.COM,Social,269316
CAPITAL ONE,2025,June 2025,Digital,Digital Social,PINTEREST.COM,Social,1110596
CAPITAL ONE,2025,June 2025,Digital,Digital Social,REDDIT,Social,57274
CAPITAL ONE,2025,June 2025,Digital,Digital Social,X.COM,Social,549
CAPITAL ONE,2025,March 2025,Digital,Digital Social,FACEBOOK.COM,Social,1997805
CAPITAL ONE,2025,March 2025,Digital,Digital Social,INSTAGRAM.COM,Social,712049
CAPITAL ONE,2025,March 2025,Digital,Digital Social,PINTEREST.COM,Social,399886
CAPITAL ONE,2025,March 2025,Digital,Digital Social,REDDIT,Social,92165
CAPITAL ONE,2025,May 2025,Digital,Digital Social,FACEBOOK.COM,Social,2064302
CAPITAL ONE,2025,May 2025,Digital,Digital Social,INSTAGRAM.COM,Social,358278
CAPITAL ONE,2025,May 2025,Digital,Digital Social,PINTEREST.COM,Social,505250
CAPITAL ONE,2025,May 2025,Digital,Digital Social,REDDIT,Social,52383
CASH APP,2023,April 2023,Digital,Digital Social,FACEBOOK.COM,Social,667
CASH APP,2023,April 2023,Digital,Digital Social,INSTAGRAM.COM,Social,8406
CASH APP,2023,August 2023,Digital,Digital Social,TIKTOK,Social,40455
CASH APP,2023,February 2023,Digital,Digital Social,FACEBOOK.COM,Social,926
CASH APP,2023,February 2023,Digital,Digital Social,INSTAGRAM.COM,Social,5186
CASH APP,2023,July 2023,Digital,Digital Social,TIKTOK,Social,6693
CASH APP,2023,March 2023,Digital,Digital Social,FACEBOOK.COM,Social,164
CASH APP,2023,March 2023,Digital,Digital Social,INSTAGRAM.COM,Social,7362
CASH APP,2023,May 2023,Digital,Digital Social,FACEBOOK.COM,Social,71
CASH APP,2023,May 2023,Digital,Digital Social,INSTAGRAM.COM,Social,3177
CASH APP,2023,October 2023,Digital,Digital Social,FACEBOOK.COM,Social,8566
CASH APP,2023,September 2023,Digital,Digital Social,TIKTOK,Social,29097
CASH APP,2024,August 2024,Digital,Digital Social,FACEBOOK.COM,Social,788
CASH APP,2024,December 2024,Digital,Digital Social,FACEBOOK.COM,Social,32158
CASH APP,2024,December 2024,Digital,Digital Social,REDDIT,Social,61579
CASH APP,2024,January 2024,Digital,Digital Social,FACEBOOK.COM,Social,149
CASH APP,2024,October 2024,Digital,Digital Social,FACEBOOK.COM,Social,6295
CASH APP,2024,September 2024,Digital,Digital Social,FACEBOOK.COM,Social,95348
CASH APP,2025,April 2025,Digital,Digital Social,FACEBOOK.COM,Social,36968
CASH APP,2025,April 2025,Digital,Digital Social,INSTAGRAM.COM,Social,124
CASH APP,2025,April 2025,Digital,Digital Social,REDDIT,Social,167
CASH APP,2025,July 2025,Digital,Digital Social,TIKTOK,Social,7121
CASH APP,2025,June 2025,Digital,Digital Social,INSTAGRAM.COM,Social,132
CASH APP,2025,June 2025,Digital,Digital Social,TIKTOK,Social,582986
CASH APP,2025,March 2025,Digital,Digital Social,FACEBOOK.COM,Social,794
CASH APP,2025,March 2025,Digital,Digital Social,REDDIT,Social,81317
CHASE,2023,April 2023,Digital,Digital Social,FACEBOOK.COM,Social,13302
CHASE,2023,April 2023,Digital,Digital Social,INSTAGRAM.COM,Social,3503
CHASE,2023,August 2023,Digital,Digital Social,FACEBOOK.COM,Social,351113
CHASE,2023,August 2023,Digital,Digital Social,INSTAGRAM.COM,Social,83855
CHASE,2023,August 2023,Digital,Digital Social,TIKTOK,Social,8479
CHASE,2023,December 2023,Digital,Digital Social,FACEBOOK.COM,Social,1551762
CHASE,2023,December 2023,Digital,Digital Social,INSTAGRAM.COM,Social,248905
CHASE,2023,February 2023,Digital,Digital Social,FACEBOOK.COM,Social,134081
CHASE,2023,February 2023,Digital,Digital Social,INSTAGRAM.COM,Social,36902
CHASE,2023,January 2023,Digital,Digital Social,FACEBOOK.COM,Social,211149
CHASE,2023,January 2023,Digital,Digital Social,INSTAGRAM.COM,Social,61529
CHASE,2023,July 2023,Digital,Digital Social,FACEBOOK.COM,Social,434263
CHASE,2023,July 2023,Digital,Digital Social,INSTAGRAM.COM,Social,107385
CHASE,2023,June 2023,Digital,Digital Social,FACEBOOK.COM,Social,332969
CHASE,2023,June 2023,Digital,Digital Social,INSTAGRAM.COM,Social,85917
CHASE,2023,March 2023,Digital,Digital Social,FACEBOOK.COM,Social,1844
CHASE,2023,March 2023,Digital,Digital Social,INSTAGRAM.COM,Social,481
CHASE,2023,May 2023,Digital,Digital Social,FACEBOOK.COM,Social,187834
CHASE,2023,May 2023,Digital,Digital Social,INSTAGRAM.COM,Social,47427
CHASE,2023,May 2023,Digital,Digital Social,REDDIT,Social,66
CHASE,2023,November 2023,Digital,Digital Social,FACEBOOK.COM,Social,1020288
CHASE,2023,November 2023,Digital,Digital Social,INSTAGRAM.COM,Social,233506
CHASE,2023,October 2023,Digital,Digital Social,FACEBOOK.COM,Social,644125
CHASE,2023,October 2023,Digital,Digital Social,INSTAGRAM.COM,Social,182839
CHASE,2023,September 2023,Digital,Digital Social,FACEBOOK.COM,Social,569614
CHASE,2023,September 2023,Digital,Digital Social,INSTAGRAM.COM,Social,161096
CHASE,2024,April 2024,Digital,Digital Social,FACEBOOK.COM,Social,2996889
CHASE,2024,April 2024,Digital,Digital Social,INSTAGRAM.COM,Social,700048
CHASE,2024,April 2024,Digital,Digital Social,PINTEREST.COM,Social,3003175
CHASE,2024,April 2024,Digital,Digital Social,REDDIT,Social,94
CHASE,2024,April 2024,Digital,Digital Social,X.COM,Social,112
CHASE,2024,August 2024,Digital,Digital Social,FACEBOOK.COM,Social,27573927
CHASE,2024,August 2024,Digital,Digital Social,INSTAGRAM.COM,Social,806689
CHASE,2024,August 2024,Digital,Digital Social,PINTEREST.COM,Social,1338066
CHASE,2024,December 2024,Digital,Digital Social,FACEBOOK.COM,Social,2871669
CHASE,2024,December 2024,Digital,Digital Social,INSTAGRAM.COM,Social,980314
CHASE,2024,December 2024,Digital,Digital Social,PINTEREST.COM,Social,630969
CHASE,2024,February 2024,Digital,Digital Social,FACEBOOK.COM,Social,633585
CHASE,2024,February 2024,Digital,Digital Social,INSTAGRAM.COM,Social,244127
CHASE,2024,February 2024,Digital,Digital Social,REDDIT,Social,1099
CHASE,2024,February 2024,Digital,Digital Social,X.COM,Social,16209
CHASE,2024,January 2024,Digital,Digital Social,FACEBOOK.COM,Social,667121
CHASE,2024,January 2024,Digital,Digital Social,INSTAGRAM.COM,Social,255187
CHASE,2024,July 2024,Digital,Digital Social,FACEBOOK.COM,Social,2661574
CHASE,2024,July 2024,Digital,Digital Social,INSTAGRAM.COM,Social,658856
CHASE,2024,July 2024,Digital,Digital Social,PINTEREST.COM,Social,1503021
CHASE,2024,June 2024,Digital,Digital Social,FACEBOOK.COM,Social,2495249
CHASE,2024,June 2024,Digital,Digital Social,INSTAGRAM.COM,Social,955622
CHASE,2024,June 2024,Digital,Digital Social,PINTEREST.COM,Social,1435312
CHASE,2024,March 2024,Digital,Digital Social,FACEBOOK.COM,Social,1068194
CHASE,2024,March 2024,Digital,Digital Social,INSTAGRAM.COM,Social,397192
CHASE,2024,March 2024,Digital,Digital Social,PINTEREST.COM,Social,2921096
CHASE,2024,May 2024,Digital,Digital Social,FACEBOOK.COM,Social,3690655
CHASE,2024,May 2024,Digital,Digital Social,INSTAGRAM.COM,Social,1227807
CHASE,2024,May 2024,Digital,Digital Social,PINTEREST.COM,Social,2116642
CHASE,2024,November 2024,Digital,Digital Social,FACEBOOK.COM,Social,3691460
CHASE,2024,November 2024,Digital,Digital Social,INSTAGRAM.COM,Social,757134
CHASE,2024,November 2024,Digital,Digital Social,PINTEREST.COM,Social,1122441
CHASE,2024,October 2024,Digital,Digital Social,FACEBOOK.COM,Social,13236384
CHASE,2024,October 2024,Digital,Digital Social,INSTAGRAM.COM,Social,767976
CHASE,2024,October 2024,Digital,Digital Social,PINTEREST.COM,Social,1326713
CHASE,2024,September 2024,Digital,Digital Social,FACEBOOK.COM,Social,17278080
CHASE,2024,September 2024,Digital,Digital Social,INSTAGRAM.COM,Social,764141
CHASE,2024,September 2024,Digital,Digital Social,PINTEREST.COM,Social,1740423
CHASE,2025,April 2025,Digital,Digital Social,FACEBOOK.COM,Social,2153839
CHASE,2025,April 2025,Digital,Digital Social,INSTAGRAM.COM,Social,597104
CHASE,2025,April 2025,Digital,Digital Social,PINTEREST.COM,Social,874220
CHASE,2025,April 2025,Digital,Digital Social,X.COM,Social,2092
CHASE,2025,February 2025,Digital,Digital Social,FACEBOOK.COM,Social,1163106
CHASE,2025,February 2025,Digital,Digital Social,INSTAGRAM.COM,Social,480055
CHASE,2025,February 2025,Digital,Digital Social,PINTEREST.COM,Social,739764
CHASE,2025,January 2025,Digital,Digital Social,FACEBOOK.COM,Social,1460837
CHASE,2025,January 2025,Digital,Digital Social,INSTAGRAM.COM,Social,242942
CHASE,2025,January 2025,Digital,Digital Social,PINTEREST.COM,Social,549558
CHASE,2025,July 2025,Digital,Digital Social,FACEBOOK.COM,Social,326673
CHASE,2025,July 2025,Digital,Digital Social,INSTAGRAM.COM,Social,135758
CHASE,2025,July 2025,Digital,Digital Social,PINTEREST.COM,Social,318098
CHASE,2025,June 2025,Digital,Digital Social,FACEBOOK.COM,Social,1553240
CHASE,2025,June 2025,Digital,Digital Social,INSTAGRAM.COM,Social,599416
CHASE,2025,June 2025,Digital,Digital Social,PINTEREST.COM,Social,1393018
CHASE,2025,June 2025,Digital,Digital Social,X.COM,Social,729
CHASE,2025,March 2025,Digital,Digital Social,FACEBOOK.COM,Social,1277173
CHASE,2025,March 2025,Digital,Digital Social,INSTAGRAM.COM,Social,574538
CHASE,2025,March 2025,Digital,Digital Social,PINTEREST.COM,Social,532732
CHASE,2025,May 2025,Digital,Digital Social,FACEBOOK.COM,Social,2230897
CHASE,2025,May 2025,Digital,Digital Social,INSTAGRAM.COM,Social,722041
CHASE,2025,May 2025,Digital,Digital Social,PINTEREST.COM,Social,689148
CHASE,2025,May 2025,Digital,Digital Social,X.COM,Social,2039
CHIME,2023,April 2023,Digital,Digital Social,FACEBOOK.COM,Social,113990
CHIME,2023,April 2023,Digital,Digital Social,INSTAGRAM.COM,Social,29334
CHIME,2023,August 2023,Digital,Digital Social,FACEBOOK.COM,Social,570586
CHIME,2023,August 2023,Digital,Digital Social,INSTAGRAM.COM,Social,143982
CHIME,2023,December 2023,Digital,Digital Social,FACEBOOK.COM,Social,736911
CHIME,2023,December 2023,Digital,Digital Social,INSTAGRAM.COM,Social,265946
CHIME,2023,December 2023,Digital,Digital Social,TIKTOK,Social,50927
CHIME,2023,February 2023,Digital,Digital Social,FACEBOOK.COM,Social,269398
CHIME,2023,February 2023,Digital,Digital Social,INSTAGRAM.COM,Social,79501
CHIME,2023,January 2023,Digital,Digital Social,FACEBOOK.COM,Social,1084524
CHIME,2023,January 2023,Digital,Digital Social,INSTAGRAM.COM,Social,286189
CHIME,2023,July 2023,Digital,Digital Social,FACEBOOK.COM,Social,867007
CHIME,2023,July 2023,Digital,Digital Social,INSTAGRAM.COM,Social,223540
CHIME,2023,June 2023,Digital,Digital Social,FACEBOOK.COM,Social,609263
CHIME,2023,June 2023,Digital,Digital Social,INSTAGRAM.COM,Social,162067
CHIME,2023,March 2023,Digital,Digital Social,FACEBOOK.COM,Social,80909
CHIME,2023,March 2023,Digital,Digital Social,INSTAGRAM.COM,Social,18685
CHIME,2023,May 2023,Digital,Digital Social,FACEBOOK.COM,Social,302741
CHIME,2023,May 2023,Digital,Digital Social,INSTAGRAM.COM,Social,89095
CHIME,2023,November 2023,Digital,Digital Social,FACEBOOK.COM,Social,783852
CHIME,2023,November 2023,Digital,Digital Social,INSTAGRAM.COM,Social,250776
CHIME,2023,November 2023,Digital,Digital Social,TIKTOK,Social,37397
CHIME,2023,October 2023,Digital,Digital Social,FACEBOOK.COM,Social,372395
CHIME,2023,October 2023,Digital,Digital Social,INSTAGRAM.COM,Social,123275
CHIME,2023,September 2023,Digital,Digital Social,FACEBOOK.COM,Social,152100
CHIME,2023,September 2023,Digital,Digital Social,INSTAGRAM.COM,Social,48102
CHIME,2024,April 2024,Digital,Digital Social,FACEBOOK.COM,Social,887426
CHIME,2024,April 2024,Digital,Digital Social,INSTAGRAM.COM,Social,262906
CHIME,2024,August 2024,Digital,Digital Social,FACEBOOK.COM,Social,35532
CHIME,2024,August 2024,Digital,Digital Social,INSTAGRAM.COM,Social,154439
CHIME,2024,August 2024,Digital,Digital Social,TIKTOK,Social,788
CHIME,2024,December 2024,Digital,Digital Social,INSTAGRAM.COM,Social,10466
CHIME,2024,February 2024,Digital,Digital Social,FACEBOOK.COM,Social,1036007
CHIME,2024,February 2024,Digital,Digital Social,INSTAGRAM.COM,Social,389300
CHIME,2024,February 2024,Digital,Digital Social,TIKTOK,Social,74711
CHIME,2024,January 2024,Digital,Digital Social,FACEBOOK.COM,Social,717899
CHIME,2024,January 2024,Digital,Digital Social,INSTAGRAM.COM,Social,278708
CHIME,2024,January 2024,Digital,Digital Social,TIKTOK,Social,97799
CHIME,2024,July 2024,Digital,Digital Social,FACEBOOK.COM,Social,202217
CHIME,2024,July 2024,Digital,Digital Social,INSTAGRAM.COM,Social,150451
CHIME,2024,June 2024,Digital,Digital Social,FACEBOOK.COM,Social,193252
CHIME,2024,June 2024,Digital,Digital Social,INSTAGRAM.COM,Social,91735
CHIME,2024,March 2024,Digital,Digital Social,FACEBOOK.COM,Social,1180574
CHIME,2024,March 2024,Digital,Digital Social,INSTAGRAM.COM,Social,381052
CHIME,2024,March 2024,Digital,Digital Social,TIKTOK,Social,42586
CHIME,2024,May 2024,Digital,Digital Social,FACEBOOK.COM,Social,567937
CHIME,2024,May 2024,Digital,Digital Social,INSTAGRAM.COM,Social,173634
CHIME,2024,November 2024,Digital,Digital Social,FACEBOOK.COM,Social,40513
CHIME,2024,November 2024,Digital,Digital Social,INSTAGRAM.COM,Social,15775
CHIME,2024,November 2024,Digital,Digital Social,TIKTOK,Social,8055
CHIME,2024,October 2024,Digital,Digital Social,FACEBOOK.COM,Social,26048
CHIME,2024,October 2024,Digital,Digital Social,INSTAGRAM.COM,Social,34139
CHIME,2024,October 2024,Digital,Digital Social,TIKTOK,Social,4238
CHIME,2024,September 2024,Digital,Digital Social,FACEBOOK.COM,Social,19544
CHIME,2024,September 2024,Digital,Digital Social,INSTAGRAM.COM,Social,58237
CHIME,2024,September 2024,Digital,Digital Social,TIKTOK,Social,14543
CHIME,2025,April 2025,Digital,Digital Social,INSTAGRAM.COM,Social,1666
CHIME,2025,February 2025,Digital,Digital Social,INSTAGRAM.COM,Social,1234
CHIME,2025,February 2025,Digital,Digital Social,TIKTOK,Social,503
CHIME,2025,January 2025,Digital,Digital Social,INSTAGRAM.COM,Social,14693
CHIME,2025,March 2025,Digital,Digital Social,FACEBOOK.COM,Social,1545
CHIME,2025,March 2025,Digital,Digital Social,INSTAGRAM.COM,Social,432
CHIME,2025,May 2025,Digital,Digital Social,INSTAGRAM.COM,Social,2561
CITI,2023,December 2023,Digital,Digital Social,FACEBOOK.COM,Social,941
CITI,2023,December 2023,Digital,Digital Social,TIKTOK,Social,5178
CITI,2023,March 2023,Digital,Digital Social,FACEBOOK.COM,Social,733
CITI,2023,November 2023,Digital,Digital Social,FACEBOOK.COM,Social,234
CITI,2023,November 2023,Digital,Digital Social,TIKTOK,Social,311
CITI,2023,October 2023,Digital,Digital Social,FACEBOOK.COM,Social,90
CITI,2023,September 2023,Digital,Digital Social,FACEBOOK.COM,Social,47
CITI,2024,April 2024,Digital,Digital Social,FACEBOOK.COM,Social,6825
CITI,2024,April 2024,Digital,Digital Social,PINTEREST.COM,Social,273865
CITI,2024,April 2024,Digital,Digital Social,X.COM,Social,190
CITI,2024,August 2024,Digital,Digital Social,FACEBOOK.COM,Social,27320
CITI,2024,August 2024,Digital,Digital Social,INSTAGRAM.COM,Social,175
CITI,2024,August 2024,Digital,Digital Social,PINTEREST.COM,Social,67173
CITI,2024,August 2024,Digital,Digital Social,TIKTOK,Social,46908
CITI,2024,August 2024,Digital,Digital Social,X.COM,Social,198
CITI,2024,December 2024,Digital,Digital Social,FACEBOOK.COM,Social,1386
CITI,2024,December 2024,Digital,Digital Social,INSTAGRAM.COM,Social,179
CITI,2024,December 2024,Digital,Digital Social,TIKTOK,Social,2881
CITI,2024,February 2024,Digital,Digital Social,FACEBOOK.COM,Social,1600
CITI,2024,February 2024,Digital,Digital Social,REDDIT,Social,1910
CITI,2024,February 2024,Digital,Digital Social,X.COM,Social,2627
CITI,2024,January 2024,Digital,Digital Social,FACEBOOK.COM,Social,183
CITI,2024,January 2024,Digital,Digital Social,REDDIT,Social,4
CITI,2024,January 2024,Digital,Digital Social,TIKTOK,Social,5148
CITI,2024,July 2024,Digital,Digital Social,FACEBOOK.COM,Social,14608
CITI,2024,July 2024,Digital,Digital Social,INSTAGRAM.COM,Social,62
CITI,2024,July 2024,Digital,Digital Social,PINTEREST.COM,Social,35300
CITI,2024,July 2024,Digital,Digital Social,TIKTOK,Social,8852
CITI,2024,July 2024,Digital,Digital Social,X.COM,Social,2156
CITI,2024,June 2024,Digital,Digital Social,FACEBOOK.COM,Social,5960
CITI,2024,June 2024,Digital,Digital Social,INSTAGRAM.COM,Social,59
CITI,2024,June 2024,Digital,Digital Social,PINTEREST.COM,Social,57939
CITI,2024,June 2024,Digital,Digital Social,X.COM,Social,2689
CITI,2024,March 2024,Digital,Digital Social,FACEBOOK.COM,Social,1121
CITI,2024,March 2024,Digital,Digital Social,PINTEREST.COM,Social,183088
CITI,2024,May 2024,Digital,Digital Social,FACEBOOK.COM,Social,1003
CITI,2024,May 2024,Digital,Digital Social,PINTEREST.COM,Social,150477
CITI,2024,November 2024,Digital,Digital Social,FACEBOOK.COM,Social,1710
CITI,2024,November 2024,Digital,Digital Social,TIKTOK,Social,19768
CITI,2024,October 2024,Digital,Digital Social,FACEBOOK.COM,Social,1441
CITI,2024,October 2024,Digital,Digital Social,INSTAGRAM.COM,Social,85
CITI,2024,October 2024,Digital,Digital Social,TIKTOK,Social,35167
CITI,2024,September 2024,Digital,Digital Social,FACEBOOK.COM,Social,13054
CITI,2024,September 2024,Digital,Digital Social,INSTAGRAM.COM,Social,181
CITI,2024,September 2024,Digital,Digital Social,TIKTOK,Social,39687
CITI,2025,April 2025,Digital,Digital Social,INSTAGRAM.COM,Social,401
CITI,2025,February 2025,Digital,Digital Social,FACEBOOK.COM,Social,21315
CITI,2025,February 2025,Digital,Digital Social,INSTAGRAM.COM,Social,203
CITI,2025,February 2025,Digital,Digital Social,PINTEREST.COM,Social,3892
CITI,2025,January 2025,Digital,Digital Social,FACEBOOK.COM,Social,7791
CITI,2025,January 2025,Digital,Digital Social,PINTEREST.COM,Social,6942
CITI,2025,January 2025,Digital,Digital Social,TIKTOK,Social,302
CITI,2025,July 2025,Digital,Digital Social,FACEBOOK.COM,Social,6098
CITI,2025,July 2025,Digital,Digital Social,INSTAGRAM.COM,Social,3521
CITI,2025,June 2025,Digital,Digital Social,FACEBOOK.COM,Social,122758
CITI,2025,June 2025,Digital,Digital Social,INSTAGRAM.COM,Social,113154
CITI,2025,March 2025,Digital,Digital Social,FACEBOOK.COM,Social,9474
CITI,2025,March 2025,Digital,Digital Social,INSTAGRAM.COM,Social,61
CITI,2025,March 2025,Digital,Digital Social,PINTEREST.COM,Social,15397
CITI,2025,May 2025,Digital,Digital Social,FACEBOOK.COM,Social,47995
CITI,2025,May 2025,Digital,Digital Social,INSTAGRAM.COM,Social,41686
PNC BANK,2023,April 2023,Digital,Digital Social,FACEBOOK.COM,Social,307
PNC BANK,2023,April 2023,Digital,Digital Social,INSTAGRAM.COM,Social,82
PNC BANK,2023,April 2023,Digital,Digital Social,TIKTOK,Social,272
PNC BANK,2023,December 2023,Digital,Digital Social,FACEBOOK.COM,Social,39451
PNC BANK,2023,February 2023,Digital,Digital Social,FACEBOOK.COM,Social,3379
PNC BANK,2023,February 2023,Digital,Digital Social,INSTAGRAM.COM,Social,894
PNC BANK,2023,July 2023,Digital,Digital Social,TIKTOK,Social,60
PNC BANK,2023,June 2023,Digital,Digital Social,TIKTOK,Social,195
PNC BANK,2023,March 2023,Digital,Digital Social,FACEBOOK.COM,Social,3506
PNC BANK,2023,March 2023,Digital,Digital Social,INSTAGRAM.COM,Social,982
PNC BANK,2023,March 2023,Digital,Digital Social,TIKTOK,Social,318
PNC BANK,2023,May 2023,Digital,Digital Social,TIKTOK,Social,285
PNC BANK,2023,November 2023,Digital,Digital Social,FACEBOOK.COM,Social,12890
PNC BANK,2024,April 2024,Digital,Digital Social,FACEBOOK.COM,Social,9002
PNC BANK,2024,April 2024,Digital,Digital Social,PINTEREST.COM,Social,142823
PNC BANK,2024,August 2024,Digital,Digital Social,FACEBOOK.COM,Social,28473
PNC BANK,2024,August 2024,Digital,Digital Social,INSTAGRAM.COM,Social,43961
PNC BANK,2024,August 2024,Digital,Digital Social,PINTEREST.COM,Social,55037
PNC BANK,2024,December 2024,Digital,Digital Social,FACEBOOK.COM,Social,84440
PNC BANK,2024,December 2024,Digital,Digital Social,INSTAGRAM.COM,Social,85305
PNC BANK,2024,December 2024,Digital,Digital Social,PINTEREST.COM,Social,48195
PNC BANK,2024,February 2024,Digital,Digital Social,FACEBOOK.COM,Social,19619
PNC BANK,2024,January 2024,Digital,Digital Social,FACEBOOK.COM,Social,27591
PNC BANK,2024,July 2024,Digital,Digital Social,FACEBOOK.COM,Social,96587
PNC BANK,2024,July 2024,Digital,Digital Social,INSTAGRAM.COM,Social,57018
PNC BANK,2024,July 2024,Digital,Digital Social,PINTEREST.COM,Social,21098
PNC BANK,2024,June 2024,Digital,Digital Social,FACEBOOK.COM,Social,96081
PNC BANK,2024,June 2024,Digital,Digital Social,INSTAGRAM.COM,Social,20327
PNC BANK,2024,June 2024,Digital,Digital Social,PINTEREST.COM,Social,28365
PNC BANK,2024,March 2024,Digital,Digital Social,FACEBOOK.COM,Social,23475
PNC BANK,2024,March 2024,Digital,Digital Social,PINTEREST.COM,Social,126760
PNC BANK,2024,May 2024,Digital,Digital Social,FACEBOOK.COM,Social,39065
PNC BANK,2024,May 2024,Digital,Digital Social,PINTEREST.COM,Social,32442
PNC BANK,2024,November 2024,Digital,Digital Social,FACEBOOK.COM,Social,104029
PNC BANK,2024,November 2024,Digital,Digital Social,INSTAGRAM.COM,Social,95593
PNC BANK,2024,November 2024,Digital,Digital Social,PINTEREST.COM,Social,111393
PNC BANK,2024,October 2024,Digital,Digital Social,FACEBOOK.COM,Social,269486
PNC BANK,2024,October 2024,Digital,Digital Social,INSTAGRAM.COM,Social,73971
PNC BANK,2024,October 2024,Digital,Digital Social,PINTEREST.COM,Social,108908
PNC BANK,2024,September 2024,Digital,Digital Social,FACEBOOK.COM,Social,72725
PNC BANK,2024,September 2024,Digital,Digital Social,INSTAGRAM.COM,Social,76712
PNC BANK,2024,September 2024,Digital,Digital Social,PINTEREST.COM,Social,49274
PNC BANK,2025,April 2025,Digital,Digital Social,FACEBOOK.COM,Social,238128
PNC BANK,2025,April 2025,Digital,Digital Social,INSTAGRAM.COM,Social,68876
PNC BANK,2025,April 2025,Digital,Digital Social,PINTEREST.COM,Social,16945
PNC BANK,2025,February 2025,Digital,Digital Social,FACEBOOK.COM,Social,136878
PNC BANK,2025,February 2025,Digital,Digital Social,INSTAGRAM.COM,Social,59275
PNC BANK,2025,February 2025,Digital,Digital Social,PINTEREST.COM,Social,8035
PNC BANK,2025,January 2025,Digital,Digital Social,FACEBOOK.COM,Social,119104
PNC BANK,2025,January 2025,Digital,Digital Social,INSTAGRAM.COM,Social,34302
PNC BANK,2025,January 2025,Digital,Digital Social,PINTEREST.COM,Social,1531
PNC BANK,2025,July 2025,Digital,Digital Social,FACEBOOK.COM,Social,29657
PNC BANK,2025,July 2025,Digital,Digital Social,INSTAGRAM.COM,Social,33937
PNC BANK,2025,July 2025,Digital,Digital Social,PINTEREST.COM,Social,1808
PNC BANK,2025,June 2025,Digital,Digital Social,FACEBOOK.COM,Social,123874
PNC BANK,2025,June 2025,Digital,Digital Social,INSTAGRAM.COM,Social,176549
PNC BANK,2025,June 2025,Digital,Digital Social,PINTEREST.COM,Social,10378
PNC BANK,2025,March 2025,Digital,Digital Social,FACEBOOK.COM,Social,138447
PNC BANK,2025,March 2025,Digital,Digital Social,INSTAGRAM.COM,Social,53789
PNC BANK,2025,March 2025,Digital,Digital Social,PINTEREST.COM,Social,12460
PNC BANK,2025,May 2025,Digital,Digital Social,FACEBOOK.COM,Social,161182
PNC BANK,2025,May 2025,Digital,Digital Social,INSTAGRAM.COM,Social,114240
PNC BANK,2025,May 2025,Digital,Digital Social,PINTEREST.COM,Social,6533
SOFI,2023,April 2023,Digital,Digital Social,FACEBOOK.COM,Social,779560
SOFI,2023,April 2023,Digital,Digital Social,INSTAGRAM.COM,Social,189579
SOFI,2023,April 2023,Digital,Digital Social,TIKTOK,Social,7059
SOFI,2023,April 2023,Digital,Digital Social,X.COM,Social,20629
SOFI,2023,August 2023,Digital,Digital Social,FACEBOOK.COM,Social,774874
SOFI,2023,August 2023,Digital,Digital Social,INSTAGRAM.COM,Social,221309
SOFI,2023,August 2023,Digital,Digital Social,TIKTOK,Social,5515
SOFI,2023,August 2023,Digital,Digital Social,X.COM,Social,11120
SOFI,2023,December 2023,Digital,Digital Social,FACEBOOK.COM,Social,562479
SOFI,2023,December 2023,Digital,Digital Social,INSTAGRAM.COM,Social,218091
SOFI,2023,December 2023,Digital,Digital Social,TIKTOK,Social,50010
SOFI,2023,February 2023,Digital,Digital Social,FACEBOOK.COM,Social,662817
SOFI,2023,February 2023,Digital,Digital Social,INSTAGRAM.COM,Social,153509
SOFI,2023,February 2023,Digital,Digital Social,TIKTOK,Social,7735
SOFI,2023,January 2023,Digital,Digital Social,FACEBOOK.COM,Social,719942
SOFI,2023,January 2023,Digital,Digital Social,INSTAGRAM.COM,Social,165119
SOFI,2023,January 2023,Digital,Digital Social,TIKTOK,Social,6044
SOFI,2023,January 2023,Digital,Digital Social,X.COM,Social,19666
SOFI,2023,July 2023,Digital,Digital Social,FACEBOOK.COM,Social,802078
SOFI,2023,July 2023,Digital,Digital Social,INSTAGRAM.COM,Social,255811
SOFI,2023,July 2023,Digital,Digital Social,TIKTOK,Social,459
SOFI,2023,July 2023,Digital,Digital Social,X.COM,Social,1520
SOFI,2023,June 2023,Digital,Digital Social,FACEBOOK.COM,Social,1197497
SOFI,2023,June 2023,Digital,Digital Social,INSTAGRAM.COM,Social,329614
SOFI,2023,June 2023,Digital,Digital Social,TIKTOK,Social,6938
SOFI,2023,June 2023,Digital,Digital Social,X.COM,Social,36542
SOFI,2023,March 2023,Digital,Digital Social,FACEBOOK.COM,Social,536602
SOFI,2023,March 2023,Digital,Digital Social,INSTAGRAM.COM,Social,112912
SOFI,2023,March 2023,Digital,Digital Social,TIKTOK,Social,8003
SOFI,2023,March 2023,Digital,Digital Social,X.COM,Social,67947
SOFI,2023,May 2023,Digital,Digital Social,FACEBOOK.COM,Social,1336694
SOFI,2023,May 2023,Digital,Digital Social,INSTAGRAM.COM,Social,333141
SOFI,2023,May 2023,Digital,Digital Social,TIKTOK,Social,7744
SOFI,2023,May 2023,Digital,Digital Social,X.COM,Social,203832
SOFI,2023,November 2023,Digital,Digital Social,FACEBOOK.COM,Social,593605
SOFI,2023,November 2023,Digital,Digital Social,INSTAGRAM.COM,Social,222481
SOFI,2023,November 2023,Digital,Digital Social,TIKTOK,Social,45172
SOFI,2023,November 2023,Digital,Digital Social,X.COM,Social,1648
SOFI,2023,October 2023,Digital,Digital Social,FACEBOOK.COM,Social,932467
SOFI,2023,October 2023,Digital,Digital Social,INSTAGRAM.COM,Social,407986
SOFI,2023,October 2023,Digital,Digital Social,TIKTOK,Social,7628
SOFI,2023,October 2023,Digital,Digital Social,X.COM,Social,12585
SOFI,2023,September 2023,Digital,Digital Social,FACEBOOK.COM,Social,1031710
SOFI,2023,September 2023,Digital,Digital Social,INSTAGRAM.COM,Social,365582
SOFI,2023,September 2023,Digital,Digital Social,TIKTOK,Social,11618
SOFI,2023,September 2023,Digital,Digital Social,X.COM,Social,18585
SOFI,2024,April 2024,Digital,Digital Social,FACEBOOK.COM,Social,15855
SOFI,2024,April 2024,Digital,Digital Social,PINTEREST.COM,Social,18507
SOFI,2024,April 2024,Digital,Digital Social,REDDIT,Social,88
SOFI,2024,April 2024,Digital,Digital Social,TIKTOK,Social,77542
SOFI,2024,April 2024,Digital,Digital Social,X.COM,Social,15318
SOFI,2024,August 2024,Digital,Digital Social,FACEBOOK.COM,Social,1047173
SOFI,2024,August 2024,Digital,Digital Social,INSTAGRAM.COM,Social,75651
SOFI,2024,August 2024,Digital,Digital Social,PINTEREST.COM,Social,146
SOFI,2024,August 2024,Digital,Digital Social,TIKTOK,Social,24745
SOFI,2024,December 2024,Digital,Digital Social,FACEBOOK.COM,Social,124988
SOFI,2024,December 2024,Digital,Digital Social,INSTAGRAM.COM,Social,9479
SOFI,2024,December 2024,Digital,Digital Social,PINTEREST.COM,Social,1051
SOFI,2024,December 2024,Digital,Digital Social,TIKTOK,Social,8874
SOFI,2024,February 2024,Digital,Digital Social,FACEBOOK.COM,Social,16598
SOFI,2024,February 2024,Digital,Digital Social,REDDIT,Social,295410
SOFI,2024,February 2024,Digital,Digital Social,TIKTOK,Social,41526
SOFI,2024,February 2024,Digital,Digital Social,X.COM,Social,12711
SOFI,2024,January 2024,Digital,Digital Social,FACEBOOK.COM,Social,199862
SOFI,2024,January 2024,Digital,Digital Social,INSTAGRAM.COM,Social,68989
SOFI,2024,January 2024,Digital,Digital Social,REDDIT,Social,1764
SOFI,2024,January 2024,Digital,Digital Social,TIKTOK,Social,46871
SOFI,2024,July 2024,Digital,Digital Social,FACEBOOK.COM,Social,274612
SOFI,2024,July 2024,Digital,Digital Social,INSTAGRAM.COM,Social,425217
SOFI,2024,July 2024,Digital,Digital Social,PINTEREST.COM,Social,7613
SOFI,2024,July 2024,Digital,Digital Social,TIKTOK,Social,13678
SOFI,2024,June 2024,Digital,Digital Social,FACEBOOK.COM,Social,52200
SOFI,2024,June 2024,Digital,Digital Social,INSTAGRAM.COM,Social,31223
SOFI,2024,June 2024,Digital,Digital Social,PINTEREST.COM,Social,11784
SOFI,2024,June 2024,Digital,Digital Social,TIKTOK,Social,5097
SOFI,2024,March 2024,Digital,Digital Social,FACEBOOK.COM,Social,19009
SOFI,2024,March 2024,Digital,Digital Social,PINTEREST.COM,Social,46131
SOFI,2024,March 2024,Digital,Digital Social,TIKTOK,Social,50594
SOFI,2024,May 2024,Digital,Digital Social,FACEBOOK.COM,Social,15572
SOFI,2024,May 2024,Digital,Digital Social,PINTEREST.COM,Social,82268
SOFI,2024,May 2024,Digital,Digital Social,TIKTOK,Social,56967
SOFI,2024,May 2024,Digital,Digital Social,X.COM,Social,1086
SOFI,2024,November 2024,Digital,Digital Social,FACEBOOK.COM,Social,206582
SOFI,2024,November 2024,Digital,Digital Social,INSTAGRAM.COM,Social,28171
SOFI,2024,November 2024,Digital,Digital Social,TIKTOK,Social,6227
SOFI,2024,October 2024,Digital,Digital Social,FACEBOOK.COM,Social,318423
SOFI,2024,October 2024,Digital,Digital Social,INSTAGRAM.COM,Social,36973
SOFI,2024,October 2024,Digital,Digital Social,PINTEREST.COM,Social,459
SOFI,2024,October 2024,Digital,Digital Social,TIKTOK,Social,5842
SOFI,2024,September 2024,Digital,Digital Social,FACEBOOK.COM,Social,741290
SOFI,2024,September 2024,Digital,Digital Social,INSTAGRAM.COM,Social,66837
SOFI,2024,September 2024,Digital,Digital Social,PINTEREST.COM,Social,153
SOFI,2024,September 2024,Digital,Digital Social,TIKTOK,Social,3971
SOFI,2025,April 2025,Digital,Digital Social,FACEBOOK.COM,Social,583596
SOFI,2025,April 2025,Digital,Digital Social,INSTAGRAM.COM,Social,3269
SOFI,2025,April 2025,Digital,Digital Social,PINTEREST.COM,Social,40089
SOFI,2025,April 2025,Digital,Digital Social,TIKTOK,Social,6157
SOFI,2025,February 2025,Digital,Digital Social,FACEBOOK.COM,Social,109647
SOFI,2025,February 2025,Digital,Digital Social,INSTAGRAM.COM,Social,5933
SOFI,2025,February 2025,Digital,Digital Social,PINTEREST.COM,Social,269
SOFI,2025,February 2025,Digital,Digital Social,TIKTOK,Social,11414
SOFI,2025,February 2025,Digital,Digital Social,X.COM,Social,3528
SOFI,2025,January 2025,Digital,Digital Social,FACEBOOK.COM,Social,305113
SOFI,2025,January 2025,Digital,Digital Social,INSTAGRAM.COM,Social,10038
SOFI,2025,January 2025,Digital,Digital Social,PINTEREST.COM,Social,5925
SOFI,2025,January 2025,Digital,Digital Social,TIKTOK,Social,5910
SOFI,2025,July 2025,Digital,Digital Social,FACEBOOK.COM,Social,66521
SOFI,2025,July 2025,Digital,Digital Social,INSTAGRAM.COM,Social,2274
SOFI,2025,July 2025,Digital,Digital Social,PINTEREST.COM,Social,4960
SOFI,2025,June 2025,Digital,Digital Social,FACEBOOK.COM,Social,367587
SOFI,2025,June 2025,Digital,Digital Social,INSTAGRAM.COM,Social,12638
SOFI,2025,June 2025,Digital,Digital Social,PINTEREST.COM,Social,13138
SOFI,2025,June 2025,Digital,Digital Social,X.COM,Social,6688
SOFI,2025,March 2025,Digital,Digital Social,FACEBOOK.COM,Social,269270
SOFI,2025,March 2025,Digital,Digital Social,INSTAGRAM.COM,Social,2653
SOFI,2025,March 2025,Digital,Digital Social,PINTEREST.COM,Social,1558
SOFI,2025,March 2025,Digital,Digital Social,TIKTOK,Social,30165
SOFI,2025,March 2025,Digital,Digital Social,X.COM,Social,5017
SOFI,2025,May 2025,Digital,Digital Social,FACEBOOK.COM,Social,373754
SOFI,2025,May 2025,Digital,Digital Social,INSTAGRAM.COM,Social,10411
SOFI,2025,May 2025,Digital,Digital Social,PINTEREST.COM,Social,17124
SOFI,2025,May 2025,Digital,Digital Social,TIKTOK,Social,761
SOFI,2025,May 2025,Digital,Digital Social,X.COM,Social,563
TD BANK,2023,April 2023,Digital,Digital Social,FACEBOOK.COM,Social,215594
TD BANK,2023,April 2023,Digital,Digital Social,INSTAGRAM.COM,Social,51198
TD BANK,2023,April 2023,Digital,Digital Social,TIKTOK,Social,6226
TD BANK,2023,August 2023,Digital,Digital Social,FACEBOOK.COM,Social,617059
TD BANK,2023,August 2023,Digital,Digital Social,INSTAGRAM.COM,Social,146702
TD BANK,2023,December 2023,Digital,Digital Social,FACEBOOK.COM,Social,1122414
TD BANK,2023,December 2023,Digital,Digital Social,INSTAGRAM.COM,Social,372221
TD BANK,2023,February 2023,Digital,Digital Social,FACEBOOK.COM,Social,449795
TD BANK,2023,February 2023,Digital,Digital Social,INSTAGRAM.COM,Social,98238
TD BANK,2023,February 2023,Digital,Digital Social,REDDIT,Social,98
TD BANK,2023,February 2023,Digital,Digital Social,TIKTOK,Social,6999
TD BANK,2023,January 2023,Digital,Digital Social,FACEBOOK.COM,Social,359133
TD BANK,2023,January 2023,Digital,Digital Social,INSTAGRAM.COM,Social,86305
TD BANK,2023,January 2023,Digital,Digital Social,TIKTOK,Social,7931
TD BANK,2023,July 2023,Digital,Digital Social,FACEBOOK.COM,Social,693464
TD BANK,2023,July 2023,Digital,Digital Social,INSTAGRAM.COM,Social,169357
TD BANK,2023,July 2023,Digital,Digital Social,TIKTOK,Social,335
TD BANK,2023,June 2023,Digital,Digital Social,FACEBOOK.COM,Social,538666
TD BANK,2023,June 2023,Digital,Digital Social,INSTAGRAM.COM,Social,122069
TD BANK,2023,June 2023,Digital,Digital Social,TIKTOK,Social,6326
TD BANK,2023,March 2023,Digital,Digital Social,FACEBOOK.COM,Social,257985
TD BANK,2023,March 2023,Digital,Digital Social,INSTAGRAM.COM,Social,58888
TD BANK,2023,March 2023,Digital,Digital Social,REDDIT,Social,133
TD BANK,2023,March 2023,Digital,Digital Social,TIKTOK,Social,6921
TD BANK,2023,May 2023,Digital,Digital Social,FACEBOOK.COM,Social,561920
TD BANK,2023,May 2023,Digital,Digital Social,INSTAGRAM.COM,Social,120884
TD BANK,2023,May 2023,Digital,Digital Social,TIKTOK,Social,6766
TD BANK,2023,November 2023,Digital,Digital Social,FACEBOOK.COM,Social,928164
TD BANK,2023,November 2023,Digital,Digital Social,INSTAGRAM.COM,Social,300897
TD BANK,2023,October 2023,Digital,Digital Social,FACEBOOK.COM,Social,494942
TD BANK,2023,October 2023,Digital,Digital Social,INSTAGRAM.COM,Social,172475
TD BANK,2023,September 2023,Digital,Digital Social,FACEBOOK.COM,Social,585226
TD BANK,2023,September 2023,Digital,Digital Social,INSTAGRAM.COM,Social,158282
TD BANK,2024,April 2024,Digital,Digital Social,FACEBOOK.COM,Social,710296
TD BANK,2024,April 2024,Digital,Digital Social,INSTAGRAM.COM,Social,262669
TD BANK,2024,August 2024,Digital,Digital Social,FACEBOOK.COM,Social,1074812
TD BANK,2024,August 2024,Digital,Digital Social,INSTAGRAM.COM,Social,708901
TD BANK,2024,December 2024,Digital,Digital Social,FACEBOOK.COM,Social,595213
TD BANK,2024,December 2024,Digital,Digital Social,INSTAGRAM.COM,Social,495381
TD BANK,2024,February 2024,Digital,Digital Social,FACEBOOK.COM,Social,638406
TD BANK,2024,February 2024,Digital,Digital Social,INSTAGRAM.COM,Social,228115
TD BANK,2024,January 2024,Digital,Digital Social,FACEBOOK.COM,Social,948170
TD BANK,2024,January 2024,Digital,Digital Social,INSTAGRAM.COM,Social,305454
TD BANK,2024,July 2024,Digital,Digital Social,FACEBOOK.COM,Social,697594
TD BANK,2024,July 2024,Digital,Digital Social,INSTAGRAM.COM,Social,608453
TD BANK,2024,June 2024,Digital,Digital Social,FACEBOOK.COM,Social,939263
TD BANK,2024,June 2024,Digital,Digital Social,INSTAGRAM.COM,Social,307417
TD BANK,2024,June 2024,Digital,Digital Social,TIKTOK,Social,233
TD BANK,2024,March 2024,Digital,Digital Social,FACEBOOK.COM,Social,556490
TD BANK,2024,March 2024,Digital,Digital Social,INSTAGRAM.COM,Social,212878
TD BANK,2024,May 2024,Digital,Digital Social,FACEBOOK.COM,Social,640543
TD BANK,2024,May 2024,Digital,Digital Social,INSTAGRAM.COM,Social,237828
TD BANK,2024,November 2024,Digital,Digital Social,FACEBOOK.COM,Social,570410
TD BANK,2024,November 2024,Digital,Digital Social,INSTAGRAM.COM,Social,457552
TD BANK,2024,October 2024,Digital,Digital Social,FACEBOOK.COM,Social,363119
TD BANK,2024,October 2024,Digital,Digital Social,INSTAGRAM.COM,Social,663913
TD BANK,2024,September 2024,Digital,Digital Social,FACEBOOK.COM,Social,304389
TD BANK,2024,September 2024,Digital,Digital Social,INSTAGRAM.COM,Social,731458
TD BANK,2025,April 2025,Digital,Digital Social,FACEBOOK.COM,Social,388974
TD BANK,2025,April 2025,Digital,Digital Social,INSTAGRAM.COM,Social,562538
TD BANK,2025,February 2025,Digital,Digital Social,FACEBOOK.COM,Social,437852
TD BANK,2025,February 2025,Digital,Digital Social,INSTAGRAM.COM,Social,493681
TD BANK,2025,January 2025,Digital,Digital Social,FACEBOOK.COM,Social,789356
TD BANK,2025,January 2025,Digital,Digital Social,INSTAGRAM.COM,Social,579066
TD BANK,2025,July 2025,Digital,Digital Social,FACEBOOK.COM,Social,56170
TD BANK,2025,July 2025,Digital,Digital Social,INSTAGRAM.COM,Social,134789
TD BANK,2025,June 2025,Digital,Digital Social,FACEBOOK.COM,Social,421259
TD BANK,2025,June 2025,Digital,Digital Social,INSTAGRAM.COM,Social,573688
TD BANK,2025,March 2025,Digital,Digital Social,FACEBOOK.COM,Social,672739
TD BANK,2025,March 2025,Digital,Digital Social,INSTAGRAM.COM,Social,501704
TD BANK,2025,May 2025,Digital,Digital Social,FACEBOOK.COM,Social,525091
TD BANK,2025,May 2025,Digital,Digital Social,INSTAGRAM.COM,Social,475144
US BANK,2023,April 2023,Digital,Digital Social,FACEBOOK.COM,Social,683435
US BANK,2023,April 2023,Digital,Digital Social,INSTAGRAM.COM,Social,162681
US BANK,2023,April 2023,Digital,Digital Social,TIKTOK,Social,205
US BANK,2023,August 2023,Digital,Digital Social,FACEBOOK.COM,Social,499526
US BANK,2023,August 2023,Digital,Digital Social,INSTAGRAM.COM,Social,122661
US BANK,2023,August 2023,Digital,Digital Social,TIKTOK,Social,86131
US BANK,2023,December 2023,Digital,Digital Social,FACEBOOK.COM,Social,1994566
US BANK,2023,December 2023,Digital,Digital Social,INSTAGRAM.COM,Social,667972
US BANK,2023,December 2023,Digital,Digital Social,TIKTOK,Social,27278
US BANK,2023,February 2023,Digital,Digital Social,FACEBOOK.COM,Social,631613
US BANK,2023,February 2023,Digital,Digital Social,INSTAGRAM.COM,Social,147033
US BANK,2023,February 2023,Digital,Digital Social,TIKTOK,Social,123
US BANK,2023,January 2023,Digital,Digital Social,FACEBOOK.COM,Social,596452
US BANK,2023,January 2023,Digital,Digital Social,INSTAGRAM.COM,Social,134600
US BANK,2023,July 2023,Digital,Digital Social,FACEBOOK.COM,Social,543977
US BANK,2023,July 2023,Digital,Digital Social,INSTAGRAM.COM,Social,131819
US BANK,2023,July 2023,Digital,Digital Social,TIKTOK,Social,38291
US BANK,2023,June 2023,Digital,Digital Social,FACEBOOK.COM,Social,590367
US BANK,2023,June 2023,Digital,Digital Social,INSTAGRAM.COM,Social,142173
US BANK,2023,June 2023,Digital,Digital Social,TIKTOK,Social,291
US BANK,2023,March 2023,Digital,Digital Social,FACEBOOK.COM,Social,641449
US BANK,2023,March 2023,Digital,Digital Social,INSTAGRAM.COM,Social,155918
US BANK,2023,March 2023,Digital,Digital Social,TIKTOK,Social,215
US BANK,2023,May 2023,Digital,Digital Social,FACEBOOK.COM,Social,674621
US BANK,2023,May 2023,Digital,Digital Social,INSTAGRAM.COM,Social,169841
US BANK,2023,May 2023,Digital,Digital Social,TIKTOK,Social,310
US BANK,2023,November 2023,Digital,Digital Social,FACEBOOK.COM,Social,2154599
US BANK,2023,November 2023,Digital,Digital Social,INSTAGRAM.COM,Social,706491
US BANK,2023,November 2023,Digital,Digital Social,TIKTOK,Social,52195
US BANK,2023,October 2023,Digital,Digital Social,FACEBOOK.COM,Social,1349970
US BANK,2023,October 2023,Digital,Digital Social,INSTAGRAM.COM,Social,462482
US BANK,2023,October 2023,Digital,Digital Social,TIKTOK,Social,93971
US BANK,2023,September 2023,Digital,Digital Social,FACEBOOK.COM,Social,695860
US BANK,2023,September 2023,Digital,Digital Social,INSTAGRAM.COM,Social,211066
US BANK,2023,September 2023,Digital,Digital Social,TIKTOK,Social,139301
US BANK,2024,April 2024,Digital,Digital Social,FACEBOOK.COM,Social,1585582
US BANK,2024,April 2024,Digital,Digital Social,INSTAGRAM.COM,Social,561255
US BANK,2024,April 2024,Digital,Digital Social,PINTEREST.COM,Social,363556
US BANK,2024,August 2024,Digital,Digital Social,FACEBOOK.COM,Social,1054054
US BANK,2024,August 2024,Digital,Digital Social,INSTAGRAM.COM,Social,885217
US BANK,2024,August 2024,Digital,Digital Social,PINTEREST.COM,Social,338519
US BANK,2024,December 2024,Digital,Digital Social,FACEBOOK.COM,Social,731092
US BANK,2024,December 2024,Digital,Digital Social,INSTAGRAM.COM,Social,309280
US BANK,2024,December 2024,Digital,Digital Social,PINTEREST.COM,Social,318180
US BANK,2024,February 2024,Digital,Digital Social,FACEBOOK.COM,Social,2837375
US BANK,2024,February 2024,Digital,Digital Social,INSTAGRAM.COM,Social,975060
US BANK,2024,January 2024,Digital,Digital Social,FACEBOOK.COM,Social,2437300
US BANK,2024,January 2024,Digital,Digital Social,INSTAGRAM.COM,Social,825699
US BANK,2024,July 2024,Digital,Digital Social,FACEBOOK.COM,Social,2061182
US BANK,2024,July 2024,Digital,Digital Social,INSTAGRAM.COM,Social,1144083
US BANK,2024,July 2024,Digital,Digital Social,PINTEREST.COM,Social,404853
US BANK,2024,June 2024,Digital,Digital Social,FACEBOOK.COM,Social,3151793
US BANK,2024,June 2024,Digital,Digital Social,INSTAGRAM.COM,Social,1400678
US BANK,2024,June 2024,Digital,Digital Social,PINTEREST.COM,Social,158326
US BANK,2024,March 2024,Digital,Digital Social,FACEBOOK.COM,Social,2007906
US BANK,2024,March 2024,Digital,Digital Social,INSTAGRAM.COM,Social,710825
US BANK,2024,March 2024,Digital,Digital Social,PINTEREST.COM,Social,465502
US BANK,2024,May 2024,Digital,Digital Social,FACEBOOK.COM,Social,2155509
US BANK,2024,May 2024,Digital,Digital Social,INSTAGRAM.COM,Social,866719
US BANK,2024,May 2024,Digital,Digital Social,PINTEREST.COM,Social,34016
US BANK,2024,November 2024,Digital,Digital Social,FACEBOOK.COM,Social,518810
US BANK,2024,November 2024,Digital,Digital Social,INSTAGRAM.COM,Social,333737
US BANK,2024,November 2024,Digital,Digital Social,PINTEREST.COM,Social,246316
US BANK,2024,October 2024,Digital,Digital Social,FACEBOOK.COM,Social,778105
US BANK,2024,October 2024,Digital,Digital Social,INSTAGRAM.COM,Social,446284
US BANK,2024,October 2024,Digital,Digital Social,PINTEREST.COM,Social,304968
US BANK,2024,September 2024,Digital,Digital Social,FACEBOOK.COM,Social,576581
US BANK,2024,September 2024,Digital,Digital Social,INSTAGRAM.COM,Social,779879
US BANK,2024,September 2024,Digital,Digital Social,PINTEREST.COM,Social,291725
US BANK,2025,April 2025,Digital,Digital Social,FACEBOOK.COM,Social,417042
US BANK,2025,April 2025,Digital,Digital Social,INSTAGRAM.COM,Social,284738
US BANK,2025,April 2025,Digital,Digital Social,PINTEREST.COM,Social,404107
US BANK,2025,February 2025,Digital,Digital Social,FACEBOOK.COM,Social,522133
US BANK,2025,February 2025,Digital,Digital Social,INSTAGRAM.COM,Social,360001
US BANK,2025,February 2025,Digital,Digital Social,PINTEREST.COM,Social,625374
US BANK,2025,January 2025,Digital,Digital Social,FACEBOOK.COM,Social,618206
US BANK,2025,January 2025,Digital,Digital Social,INSTAGRAM.COM,Social,317525
US BANK,2025,January 2025,Digital,Digital Social,PINTEREST.COM,Social,219673
US BANK,2025,July 2025,Digital,Digital Social,FACEBOOK.COM,Social,96521
US BANK,2025,July 2025,Digital,Digital Social,INSTAGRAM.COM,Social,138184
US BANK,2025,July 2025,Digital,Digital Social,PINTEREST.COM,Social,48801
US BANK,2025,June 2025,Digital,Digital Social,FACEBOOK.COM,Social,211709
US BANK,2025,June 2025,Digital,Digital Social,INSTAGRAM.COM,Social,475094
US BANK,2025,June 2025,Digital,Digital Social,PINTEREST.COM,Social,455360
US BANK,2025,March 2025,Digital,Digital Social,FACEBOOK.COM,Social,867278
US BANK,2025,March 2025,Digital,Digital Social,INSTAGRAM.COM,Social,355521
US BANK,2025,March 2025,Digital,Digital Social,PINTEREST.COM,Social,565676
US BANK,2025,May 2025,Digital,Digital Social,FACEBOOK.COM,Social,230425
US BANK,2025,May 2025,Digital,Digital Social,INSTAGRAM.COM,Social,390614
US BANK,2025,May 2025,Digital,Digital Social,PINTEREST.COM,Social,337280
WELLS FARGO,2023,April 2023,Digital,Digital Social,FACEBOOK.COM,Social,108223
WELLS FARGO,2023,April 2023,Digital,Digital Social,INSTAGRAM.COM,Social,27688
WELLS FARGO,2023,August 2023,Digital,Digital Social,FACEBOOK.COM,Social,356221
WELLS FARGO,2023,August 2023,Digital,Digital Social,INSTAGRAM.COM,Social,74258
WELLS FARGO,2023,August 2023,Digital,Digital Social,TIKTOK,Social,4970
WELLS FARGO,2023,December 2023,Digital,Digital Social,FACEBOOK.COM,Social,72882
WELLS FARGO,2023,December 2023,Digital,Digital Social,INSTAGRAM.COM,Social,355234
WELLS FARGO,2023,February 2023,Digital,Digital Social,FACEBOOK.COM,Social,279555
WELLS FARGO,2023,February 2023,Digital,Digital Social,INSTAGRAM.COM,Social,71736
WELLS FARGO,2023,January 2023,Digital,Digital Social,FACEBOOK.COM,Social,420491
WELLS FARGO,2023,January 2023,Digital,Digital Social,INSTAGRAM.COM,Social,113642
WELLS FARGO,2023,July 2023,Digital,Digital Social,FACEBOOK.COM,Social,525154
WELLS FARGO,2023,July 2023,Digital,Digital Social,INSTAGRAM.COM,Social,79879
WELLS FARGO,2023,July 2023,Digital,Digital Social,TIKTOK,Social,12042
WELLS FARGO,2023,June 2023,Digital,Digital Social,FACEBOOK.COM,Social,391931
WELLS FARGO,2023,June 2023,Digital,Digital Social,INSTAGRAM.COM,Social,49992
WELLS FARGO,2023,June 2023,Digital,Digital Social,TIKTOK,Social,2012
WELLS FARGO,2023,March 2023,Digital,Digital Social,FACEBOOK.COM,Social,177982
WELLS FARGO,2023,March 2023,Digital,Digital Social,INSTAGRAM.COM,Social,32106
WELLS FARGO,2023,May 2023,Digital,Digital Social,FACEBOOK.COM,Social,250935
WELLS FARGO,2023,May 2023,Digital,Digital Social,INSTAGRAM.COM,Social,51869
WELLS FARGO,2023,November 2023,Digital,Digital Social,FACEBOOK.COM,Social,79515
WELLS FARGO,2023,November 2023,Digital,Digital Social,INSTAGRAM.COM,Social,231940
WELLS FARGO,2023,November 2023,Digital,Digital Social,X.COM,Social,214
WELLS FARGO,2023,October 2023,Digital,Digital Social,FACEBOOK.COM,Social,76557
WELLS FARGO,2023,October 2023,Digital,Digital Social,INSTAGRAM.COM,Social,66874
WELLS FARGO,2023,September 2023,Digital,Digital Social,FACEBOOK.COM,Social,170359
WELLS FARGO,2023,September 2023,Digital,Digital Social,INSTAGRAM.COM,Social,50455
WELLS FARGO,2024,April 2024,Digital,Digital Social,FACEBOOK.COM,Social,63850
WELLS FARGO,2024,April 2024,Digital,Digital Social,INSTAGRAM.COM,Social,332183
WELLS FARGO,2024,April 2024,Digital,Digital Social,TIKTOK,Social,28189
WELLS FARGO,2024,August 2024,Digital,Digital Social,FACEBOOK.COM,Social,693769
WELLS FARGO,2024,August 2024,Digital,Digital Social,INSTAGRAM.COM,Social,520062
WELLS FARGO,2024,August 2024,Digital,Digital Social,PINTEREST.COM,Social,19281
WELLS FARGO,2024,August 2024,Digital,Digital Social,TIKTOK,Social,23460
WELLS FARGO,2024,December 2024,Digital,Digital Social,FACEBOOK.COM,Social,565801
WELLS FARGO,2024,December 2024,Digital,Digital Social,INSTAGRAM.COM,Social,538486
WELLS FARGO,2024,December 2024,Digital,Digital Social,PINTEREST.COM,Social,33541
WELLS FARGO,2024,December 2024,Digital,Digital Social,TIKTOK,Social,26139
WELLS FARGO,2024,February 2024,Digital,Digital Social,FACEBOOK.COM,Social,37309
WELLS FARGO,2024,February 2024,Digital,Digital Social,INSTAGRAM.COM,Social,473994
WELLS FARGO,2024,January 2024,Digital,Digital Social,FACEBOOK.COM,Social,3738
WELLS FARGO,2024,January 2024,Digital,Digital Social,INSTAGRAM.COM,Social,408916
WELLS FARGO,2024,July 2024,Digital,Digital Social,FACEBOOK.COM,Social,1094061
WELLS FARGO,2024,July 2024,Digital,Digital Social,INSTAGRAM.COM,Social,406199
WELLS FARGO,2024,July 2024,Digital,Digital Social,PINTEREST.COM,Social,30011
WELLS FARGO,2024,July 2024,Digital,Digital Social,TIKTOK,Social,27615
WELLS FARGO,2024,June 2024,Digital,Digital Social,FACEBOOK.COM,Social,258375
WELLS FARGO,2024,June 2024,Digital,Digital Social,INSTAGRAM.COM,Social,450756
WELLS FARGO,2024,June 2024,Digital,Digital Social,PINTEREST.COM,Social,9259
WELLS FARGO,2024,June 2024,Digital,Digital Social,TIKTOK,Social,25844
WELLS FARGO,2024,June 2024,Digital,Digital Social,X.COM,Social,141
WELLS FARGO,2024,March 2024,Digital,Digital Social,FACEBOOK.COM,Social,55019
WELLS FARGO,2024,March 2024,Digital,Digital Social,INSTAGRAM.COM,Social,497818
WELLS FARGO,2024,March 2024,Digital,Digital Social,TIKTOK,Social,8972
WELLS FARGO,2024,May 2024,Digital,Digital Social,FACEBOOK.COM,Social,40304
WELLS FARGO,2024,May 2024,Digital,Digital Social,INSTAGRAM.COM,Social,263103
WELLS FARGO,2024,May 2024,Digital,Digital Social,TIKTOK,Social,33512
WELLS FARGO,2024,May 2024,Digital,Digital Social,X.COM,Social,427
WELLS FARGO,2024,November 2024,Digital,Digital Social,FACEBOOK.COM,Social,454874
WELLS FARGO,2024,November 2024,Digital,Digital Social,INSTAGRAM.COM,Social,516266
WELLS FARGO,2024,November 2024,Digital,Digital Social,PINTEREST.COM,Social,13370
WELLS FARGO,2024,November 2024,Digital,Digital Social,TIKTOK,Social,16045
WELLS FARGO,2024,October 2024,Digital,Digital Social,FACEBOOK.COM,Social,542028
WELLS FARGO,2024,October 2024,Digital,Digital Social,INSTAGRAM.COM,Social,240035
WELLS FARGO,2024,October 2024,Digital,Digital Social,PINTEREST.COM,Social,26558
WELLS FARGO,2024,October 2024,Digital,Digital Social,TIKTOK,Social,8619
WELLS FARGO,2024,September 2024,Digital,Digital Social,FACEBOOK.COM,Social,478731
WELLS FARGO,2024,September 2024,Digital,Digital Social,INSTAGRAM.COM,Social,552245
WELLS FARGO,2024,September 2024,Digital,Digital Social,PINTEREST.COM,Social,19172
WELLS FARGO,2024,September 2024,Digital,Digital Social,TIKTOK,Social,18074
WELLS FARGO,2025,April 2025,Digital,Digital Social,FACEBOOK.COM,Social,598884
WELLS FARGO,2025,April 2025,Digital,Digital Social,INSTAGRAM.COM,Social,355923
WELLS FARGO,2025,April 2025,Digital,Digital Social,REDDIT,Social,4599
WELLS FARGO,2025,April 2025,Digital,Digital Social,TIKTOK,Social,1025375
WELLS FARGO,2025,February 2025,Digital,Digital Social,FACEBOOK.COM,Social,79105
WELLS FARGO,2025,February 2025,Digital,Digital Social,INSTAGRAM.COM,Social,65512
WELLS FARGO,2025,February 2025,Digital,Digital Social,TIKTOK,Social,64387
WELLS FARGO,2025,January 2025,Digital,Digital Social,FACEBOOK.COM,Social,26107
WELLS FARGO,2025,January 2025,Digital,Digital Social,INSTAGRAM.COM,Social,9086
WELLS FARGO,2025,January 2025,Digital,Digital Social,TIKTOK,Social,77028
WELLS FARGO,2025,July 2025,Digital,Digital Social,FACEBOOK.COM,Social,71153
WELLS FARGO,2025,July 2025,Digital,Digital Social,INSTAGRAM.COM,Social,106249
WELLS FARGO,2025,July 2025,Digital,Digital Social,REDDIT,Social,8
WELLS FARGO,2025,July 2025,Digital,Digital Social,TIKTOK,Social,18273
WELLS FARGO,2025,June 2025,Digital,Digital Social,FACEBOOK.COM,Social,628131
WELLS FARGO,2025,June 2025,Digital,Digital Social,INSTAGRAM.COM,Social,477447
WELLS FARGO,2025,June 2025,Digital,Digital Social,REDDIT,Social,6559
WELLS FARGO,2025,June 2025,Digital,Digital Social,TIKTOK,Social,116541
WELLS FARGO,2025,March 2025,Digital,Digital Social,FACEBOOK.COM,Social,818338
WELLS FARGO,2025,March 2025,Digital,Digital Social,INSTAGRAM.COM,Social,421678
WELLS FARGO,2025,March 2025,Digital,Digital Social,TIKTOK,Social,156979
WELLS FARGO,2025,May 2025,Digital,Digital Social,FACEBOOK.COM,Social,809742
WELLS FARGO,2025,May 2025,Digital,Digital Social,INSTAGRAM.COM,Social,436505
WELLS FARGO,2025,May 2025,Digital,Digital Social,REDDIT,Social,6965
WELLS FARGO,2025,May 2025,Digital,Digital Social,TIKTOK,Social,58921
